,SMALL,NONE,Other,LARGE
SMALL,3513.769230769231,549.7400611620795,2159.0,10746.0
NONE,3790.229357798165,0.0,3360.638095238095,3771.68992248062
Other,1043.0,570.3867924528302,923.5,4711.0
LARGE,7397.666666666667,520.4591439688716,8162.0,1368.4285714285713
