,SMALL,NONE,Other,LARGE
SMALL,0.0,274.87003058103977,5480.771078037757,5891.822905280283
NONE,1895.1146788990825,0.0,1680.3190476190475,1885.84496124031
Other,5931.009071888578,285.1933962264151,0.0,5912.469636571033
LARGE,5881.081423404619,260.2295719844358,5451.490160844549,0.0
