,SMALL,NONE,Other,LARGE
SMALL,1982.8351265880633,1363.191638345502,4336.046167821656,4523.183870911812
NONE,3236.8060355669622,1308.5812736622006,2972.8545294761543,3159.99223256631
Other,4621.341594943449,1384.5355593764864,1740.2275415282393,4544.527791942796
LARGE,4590.027400345336,1353.2213647783738,4326.075894254528,1896.0510500202827
