,MACARONI,NONE,PENNE,HORENTJE,SPIRELLI,VERMICELLI,Other,ELLEBOOGJES
MACARONI,7440.559450704226,2197.2567567567567,1644.812846153846,3199.858523255814,9905.615972222224,22388.719789473682,7530.366285714286,3525.0
NONE,1268.5725862068964,5328.844867207484,208.375,1244.8958333333333,376.8181818181818,679.4545454545455,408.45,143.66666666666666
PENNE,11726.356096774192,1735.5833333333333,1127.0861111111112,1441.47368627451,1820.2262941176473,1123.995,1020.3834285714285,1382.0
HORENTJE,3819.1168160919533,116.65217391304348,1622.5775111111107,3095.0719625,3395.989149253732,5240.02975,3829.0794827586215,2135.6005999999998
SPIRELLI,3415.2222285714283,287.7692307692308,1549.0801875,1266.5708666666667,1053.0938750000003,9003.9098,7965.23605882353,2069.24925
VERMICELLI,6812.795954545454,119.8,1236.6866666666667,691.378,333.0,1766.9828333333332,811.0035,3343.0
Other,7825.443270270271,25.555555555555557,845.1254444444445,1321.5578571428573,18312.777666666665,1958.1309999999996,128091.50857142857,5328.844867207484
ELLEBOOGJES,4106.5998,0.0,1310.0,958.7257142857143,1128.0,5328.844867207484,5328.844867207484,5328.844867207484
