,ELLEBOOGJE,HORENTJE,MACARONI,NONE,Other,PENNE,SPIRELLI,VERMICELLI
ELLEBOOGJE,171.013,1043.4850000000001,1176.0030000000002,103.0,1240.013,1310.0,993.725,1466.117
HORENTJE,1266.997,1150.0,1186.903,82.0,1387.0335,1279.007,1148.03,6024.067
MACARONI,1319.025,1170.5385,1629.997,213.5,1719.0,1359.505,1572.773,2898.0
NONE,128.0,139.0,128.0,0.0,157.0,126.0,127.0,129.0
Other,1261.993,1329.5349999999999,1602.0,110.0,1899.01,783.97,1861.9965,1268.0635
PENNE,1416.0484999999999,1318.5815,1204.505,94.0,1069.0,1116.763,1262.0,1123.995
SPIRELLI,1720.0,1228.51,1298.1135,475.0,6069.0,1104.5035,1000.167,1032.0
VERMICELLI,3343.0,1365.0059999999999,1833.145,89.0,1622.007,1241.057,333.0,1404.9285
