,MACARONI,NONE,PENNE,HORENTJE,SPIRELLI,VERMICELLI,Other,ELLEBOOGJES
MACARONI,0.0,1445.2882352941176,5749.357533888398,6508.318142125946,7553.536235344709,13685.837647524762,20329.382443308685,5811.986998174112
NONE,2089.7191011235955,0.0,266.828125,646.3084291187739,1168.9174757281553,4235.068181818182,7556.840579710145,298.14285714285717
PENNE,7115.89964921072,305.66831683168317,0.0,4229.0783052010775,5274.2963984198395,11406.597810599893,18050.14260638382,3532.7471612492436
HORENTJE,6702.884444118782,99.16071428571429,3057.102491871591,0.0,4861.281193327902,10993.582605507956,17637.12740129188,3119.731956157306
SPIRELLI,6808.523799861079,151.98039215686273,3162.7418476138882,3921.702455851436,0.0,11099.221961250252,17742.76675703418,3225.3713118996025
VERMICELLI,6800.874126658465,148.15555555555557,3155.092174411274,3914.0527826488214,4959.270875867584,0.0,17735.117083831567,3217.721638696988
Other,6699.737434152004,97.58720930232558,3053.955481904814,3812.916090142362,4858.134183361124,10990.435595541177,0.0,3116.584946190528
ELLEBOOGJES,6687.229682214021,91.33333333333333,3041.4477299668292,3800.4083382043773,4845.626431423139,10977.927843603193,17621.472639387117,0.0
