,MACARONI,NONE,PENNE,HORENTJE,SPIRELLI,VERMICELLI,Other,ELLEBOOGJES
MACARONI,12637.944444444445,2938.8968253968255,1891.7692307692307,1045.1785714285713,5958.6,16276.857142857143,1310.5,3525.0
NONE,4221.358490566037,0.0,537.9578947368421,1363.2868525896415,2384.772277227723,8667.116279069767,15789.69696969697,596.2857142857143
PENNE,1376.625,616.4059405940594,1107.6,1291.7272727272727,2337.75,1093.0,1119.0,1382.0
HORENTJE,2059.88,212.23333333333332,2163.875,1299.5,4090.8928571428573,,2675.6363636363635,2818.6666666666665
SPIRELLI,10210.0,347.95098039215685,1486.6,1123.2916666666667,1038.8333333333333,1032.0,9579.461538461539,1429.0
VERMICELLI,7620.6,303.04545454545456,,0.0,333.0,,0.0,3343.0
Other,16983.14285714286,203.75903614457832,1332.0,1281.4,1776.0,,11107.5,
ELLEBOOGJES,6350.666666666667,182.66666666666666,1310.0,901.25,1128.0,,,
