,MACARONI,NONE,PENNE,HORENTJE,SPIRELLI,VERMICELLI,Other,ELLEBOOGJES
MACARONI,0.0,1469.4484126984128,5874.694264836528,6700.023222689328,7721.508647327409,14003.852649169454,21126.433339796655,5933.0220843854
NONE,2110.6792452830186,0.0,268.9789473684211,681.6434262948208,1192.3861386138615,4333.558139534884,7894.848484848485,298.14285714285717
PENNE,7235.603975862958,308.2029702970297,0.0,4377.532337886561,5399.017762524643,11681.361764366688,18803.94245499389,3610.531199582634
HORENTJE,6831.4313686022315,106.11666666666666,3148.030772773036,0.0,4994.845155263916,11277.18915710596,18399.769847733165,3206.3585923219084
SPIRELLI,6967.149015661054,173.97549019607843,3283.74841983186,4109.077377684659,0.0,11412.906804164784,18535.48749479199,3342.0762393807317
VERMICELLI,6922.243489814353,151.52272727272728,3238.8428939851574,4064.1718518379566,5085.6572764760385,0.0,18490.581968945284,3297.1707135340293
Other,6822.957071413476,101.87951807228916,3139.556475584281,3964.8854334370803,4986.370858075162,11268.714859917207,0.0,3197.8842951331535
ELLEBOOGJES,6801.864701935565,91.33333333333333,3118.4641061063694,3943.7930639591686,4965.2784885972505,11247.622490439295,18370.203181066496,0.0
